corpus,drama,utteranceBegin,utteranceEnd,utteranceSpeakerId,mentionBegin,mentionEnd,mentionSurface,entityId
test,rksp.0,426,1144,der_prinz,660,663,ich,der_prinz
test,rksp.0,1178,1521,der_prinz,1190,1193,Ich,der_prinz
test,rksp.0,1178,1521,der_prinz,1247,1250,Ich,der_prinz
test,rksp.0,1178,1521,der_prinz,1291,1295,mich,der_prinz
test,rksp.0,1178,1521,der_prinz,1351,1354,Ich,der_prinz
test,rksp.0,1178,1521,der_prinz,1388,1391,Ich,der_prinz
test,rksp.0,1178,1521,der_prinz,1412,1415,ich,der_prinz
test,rksp.0,1178,1521,der_prinz,1416,1419,mir,der_prinz
test,rksp.0,1178,1521,der_prinz,1497,1502,meine,der_prinz
test,rksp.0,1739,1851,der_prinz,1751,1754,Ich,der_prinz
test,rksp.0,1919,2294,der_prinz,1964,1967,ich,der_prinz
test,rksp.0,1919,2294,der_prinz,2048,2053,Meine,der_prinz
test,rksp.0,1919,2294,der_prinz,2170,2173,ich,der_prinz
test,rksp.0,1919,2294,der_prinz,2242,2245,ich,der_prinz
test,rksp.0,1919,2294,der_prinz,2285,2288,ich,der_prinz
test,rksp.0,2391,2510,der_prinz,2457,2460,mir,der_prinz
test,rksp.0,2699,2836,der_prinz,2755,2761,meinem,der_prinz
test,rksp.0,2952,3067,der_prinz,2964,2967,Ich,der_prinz
test,rksp.0,3072,3248,conti,3080,3083,Ich,conti
test,rksp.0,3072,3248,conti,3116,3119,mir,conti
test,rksp.0,3072,3248,conti,3186,3189,mir,conti
test,rksp.0,3253,3312,der_prinz,3283,3286,ich,der_prinz
test,rksp.0,3253,3312,der_prinz,3287,3291,mich,der_prinz
test,rksp.0,3605,3644,conti,3631,3634,ich,conti
test,rksp.0,3694,4346,der_prinz,3785,3788,ich,der_prinz
test,rksp.0,3694,4346,der_prinz,3814,3817,ich,der_prinz
test,rksp.0,3694,4346,der_prinz,3855,3858,Ich,der_prinz
test,rksp.0,3694,4346,der_prinz,3919,3922,Ich,der_prinz
test,rksp.0,3694,4346,der_prinz,4065,4071,meinem,der_prinz
test,rksp.0,3694,4346,der_prinz,4117,4120,ich,der_prinz
test,rksp.0,3694,4346,der_prinz,4129,4132,ich,der_prinz
test,rksp.0,3694,4346,der_prinz,4156,4159,ich,der_prinz
test,rksp.0,3694,4346,der_prinz,4177,4180,ich,der_prinz
test,rksp.0,3694,4346,der_prinz,4237,4240,ich,der_prinz
test,rksp.0,3694,4346,der_prinz,4328,4331,ich,der_prinz
test,rksp.0,4487,4704,conti,4533,4536,Ich,conti
test,rksp.0,5380,5522,conti,5444,5449,meine,conti
test,rksp.0,5380,5522,conti,5471,5474,Ich,conti
test,rksp.0,5600,5678,conti,5608,5611,Ich,conti
test,rksp.0,5600,5678,conti,5650,5653,ich,conti
test,rksp.0,5858,6436,der_prinz,5881,5884,ich,der_prinz
test,rksp.0,5858,6436,der_prinz,5912,5915,ich,der_prinz
test,rksp.0,5858,6436,der_prinz,5956,5959,ich,der_prinz
test,rksp.0,5858,6436,der_prinz,6054,6057,Ich,der_prinz
test,rksp.0,6441,6491,conti,6464,6467,ich,conti
test,rksp.0,6496,6965,der_prinz,6696,6699,ich,der_prinz
test,rksp.0,6970,7210,conti,7000,7004,mein,conti
test,rksp.0,7438,7693,der_prinz,7460,7463,ich,der_prinz
test,rksp.0,7438,7693,der_prinz,7628,7631,Ich,der_prinz
test,rksp.0,7817,8011,der_prinz,7838,7841,ich,der_prinz
test,rksp.0,7817,8011,der_prinz,7940,7943,ich,der_prinz
test,rksp.0,7817,8011,der_prinz,7976,7982,meiner,der_prinz
test,rksp.0,8016,8065,conti,8029,8033,mein,conti
test,rksp.0,8070,8578,der_prinz,8234,8237,ich,der_prinz
test,rksp.0,8070,8578,der_prinz,8300,8303,mir,der_prinz
test,rksp.0,8070,8578,der_prinz,8400,8403,ich,der_prinz
test,rksp.0,8070,8578,der_prinz,8424,8428,mein,der_prinz
test,rksp.0,8070,8578,der_prinz,8463,8469,meinen,der_prinz
test,rksp.0,8862,9703,conti,8885,8889,mich,conti
test,rksp.0,8862,9703,conti,8923,8926,mir,conti
test,rksp.0,8862,9703,conti,8952,8955,ich,conti
test,rksp.0,8862,9703,conti,8984,8990,meiner,conti
test,rksp.0,8862,9703,conti,9011,9014,mir,conti
test,rksp.0,8862,9703,conti,9179,9182,ich,conti
test,rksp.0,8862,9703,conti,9193,9196,ich,conti
test,rksp.0,8862,9703,conti,9311,9314,ich,conti
test,rksp.0,8862,9703,conti,9347,9350,ich,conti
test,rksp.0,8862,9703,conti,9374,9377,ich,conti
test,rksp.0,8862,9703,conti,9430,9433,ich,conti
test,rksp.0,8862,9703,conti,9460,9463,ich,conti
test,rksp.0,8862,9703,conti,9507,9512,meine,conti
test,rksp.0,8862,9703,conti,9546,9552,meinen,conti
test,rksp.0,9813,9942,conti,9870,9873,ich,conti
test,rksp.0,9813,9942,conti,9900,9903,Ich,conti
test,rksp.0,10100,10275,conti,10198,10204,meiner,conti
test,rksp.0,10468,11090,conti,10633,10636,ich,conti
test,rksp.0,10468,11090,conti,10665,10669,mein,conti
test,rksp.0,10468,11090,conti,10715,10721,meines,conti
test,rksp.0,10468,11090,conti,10756,10759,mir,conti
test,rksp.0,10468,11090,conti,10944,10948,mein,conti
test,rksp.0,11255,11491,der_prinz,11353,11356,ich,der_prinz
test,rksp.0,11514,12096,der_prinz,11779,11782,Ich,der_prinz
test,rksp.0,11514,12096,der_prinz,11803,11806,ich,der_prinz
test,rksp.0,11514,12096,der_prinz,11852,11858,meinem,der_prinz
test,rksp.0,11514,12096,der_prinz,11911,11914,ich,der_prinz
test,rksp.0,11514,12096,der_prinz,11961,11967,meinem,der_prinz
test,rksp.0,12101,12212,conti,12116,12119,ich,conti
test,rksp.0,12378,13071,der_prinz,12435,12438,ich,der_prinz
test,rksp.0,12378,13071,der_prinz,12520,12523,ich,der_prinz
test,rksp.0,12378,13071,der_prinz,12712,12715,ich,der_prinz
test,rksp.0,12378,13071,der_prinz,12876,12879,Ich,der_prinz
test,rksp.0,12378,13071,der_prinz,12904,12907,ich,der_prinz
test,rksp.0,12378,13071,der_prinz,13000,13003,ich,der_prinz
test,rksp.0,12378,13071,der_prinz,13061,13064,ich,der_prinz
test,rksp.0,13147,13249,marinelli,13198,13201,Ich,marinelli
test,rksp.0,13147,13249,marinelli,13206,13209,mir,marinelli
test,rksp.0,13254,13458,der_prinz,13266,13269,Ich,der_prinz
test,rksp.0,13254,13458,der_prinz,13376,13379,mir,der_prinz
test,rksp.0,13463,13560,marinelli,13498,13501,ich,marinelli
test,rksp.0,13565,13733,der_prinz,13670,13673,Ich,der_prinz
test,rksp.0,13738,13899,marinelli,13754,13757,ich,marinelli
test,rksp.0,13738,13899,marinelli,13802,13805,ich,marinelli
test,rksp.0,14065,14224,der_prinz,14105,14110,Meine,der_prinz
test,rksp.0,14065,14224,der_prinz,14176,14179,ich,der_prinz
test,rksp.0,14370,14545,der_prinz,14420,14424,Mein,der_prinz
test,rksp.0,14864,14967,der_prinz,14923,14926,mir,der_prinz
test,rksp.0,14973,15633,marinelli,14985,14988,Ich,marinelli
test,rksp.0,14973,15633,marinelli,15009,15013,mich,marinelli
test,rksp.0,14973,15633,marinelli,15024,15028,mein,marinelli
test,rksp.0,14973,15633,marinelli,15063,15066,ich,marinelli
test,rksp.0,14973,15633,marinelli,15127,15131,mich,marinelli
test,rksp.0,14973,15633,marinelli,15590,15593,ich,marinelli
test,rksp.0,15638,16038,der_prinz,15724,15728,mich,der_prinz
test,rksp.0,15638,16038,der_prinz,15814,15818,mich,der_prinz
test,rksp.0,16189,16288,der_prinz,16241,16244,Ich,der_prinz
test,rksp.0,16293,16696,marinelli,16692,16695,ich,marinelli
test,rksp.0,16701,17245,der_prinz,16832,16835,ich,der_prinz
test,rksp.0,16701,17245,der_prinz,16959,16962,ich,der_prinz
test,rksp.0,16701,17245,der_prinz,17161,17164,Ich,der_prinz
test,rksp.0,16701,17245,der_prinz,17191,17194,mir,der_prinz
test,rksp.0,16701,17245,der_prinz,17216,17219,Ich,der_prinz
test,rksp.0,17250,17658,marinelli,17304,17307,ich,marinelli
test,rksp.0,17663,17873,der_prinz,17823,17826,mir,der_prinz
test,rksp.0,18099,18301,der_prinz,18121,18124,ich,der_prinz
test,rksp.0,18608,18728,der_prinz,18620,18623,Ich,der_prinz
test,rksp.0,18923,19144,der_prinz,19121,19124,mir,der_prinz
test,rksp.0,19541,19650,der_prinz,19610,19613,ich,der_prinz
test,rksp.0,19541,19650,der_prinz,19634,19637,ich,der_prinz
test,rksp.0,19706,20316,der_prinz,19768,19771,mir,der_prinz
test,rksp.0,19706,20316,der_prinz,19786,19789,ich,der_prinz
test,rksp.0,19706,20316,der_prinz,19801,19804,ich,der_prinz
test,rksp.0,19706,20316,der_prinz,19897,19900,ich,der_prinz
test,rksp.0,19706,20316,der_prinz,20008,20012,mich,der_prinz
test,rksp.0,19706,20316,der_prinz,20153,20156,mir,der_prinz
test,rksp.0,19706,20316,der_prinz,20216,20222,meiner,der_prinz
test,rksp.0,19706,20316,der_prinz,20242,20245,ich,der_prinz
test,rksp.0,19706,20316,der_prinz,20283,20286,mir,der_prinz
test,rksp.0,19706,20316,der_prinz,20287,20293,meiner,der_prinz
test,rksp.0,20321,20738,marinelli,20333,20336,Ich,marinelli
test,rksp.0,20321,20738,marinelli,20382,20386,mich,marinelli
test,rksp.0,20321,20738,marinelli,20419,20423,mein,marinelli
test,rksp.0,20321,20738,marinelli,20509,20512,ich,marinelli
test,rksp.0,20321,20738,marinelli,20619,20622,mir,marinelli
test,rksp.0,20321,20738,marinelli,20649,20652,ich,marinelli
test,rksp.0,20743,20849,der_prinz,20772,20775,mir,der_prinz
test,rksp.0,20743,20849,der_prinz,20844,20848,mich,der_prinz
test,rksp.0,21275,21376,der_prinz,21314,21317,ich,der_prinz
test,rksp.0,21275,21376,der_prinz,21339,21342,ich,der_prinz
test,rksp.0,21275,21376,der_prinz,21343,21346,mir,der_prinz
test,rksp.0,21466,21557,der_prinz,21490,21495,meine,der_prinz
test,rksp.0,21597,21827,der_prinz,21616,21619,ich,der_prinz
test,rksp.0,21597,21827,der_prinz,21629,21632,ich,der_prinz
test,rksp.0,21597,21827,der_prinz,21655,21658,ich,der_prinz
test,rksp.0,21597,21827,der_prinz,21703,21707,mich,der_prinz
test,rksp.0,21597,21827,der_prinz,21756,21759,ich,der_prinz
test,rksp.0,21597,21827,der_prinz,21784,21788,mich,der_prinz
test,rksp.0,22401,22529,der_prinz,22471,22475,mich,der_prinz
test,rksp.0,22401,22529,der_prinz,22509,22515,meiner,der_prinz
test,rksp.0,22534,22683,marinelli,22617,22620,mir,marinelli
test,rksp.0,22534,22683,marinelli,22632,22635,ich,marinelli
test,rksp.0,22534,22683,marinelli,22668,22671,ich,marinelli
test,rksp.0,22688,22816,der_prinz,22716,22719,mir,der_prinz
test,rksp.0,22688,22816,der_prinz,22752,22755,ich,der_prinz
test,rksp.0,22821,23027,marinelli,22956,22959,mir,marinelli
test,rksp.0,22821,23027,marinelli,23019,23022,ich,marinelli
test,rksp.0,23107,23619,marinelli,23304,23307,mir,marinelli
test,rksp.0,23107,23619,marinelli,23372,23375,ich,marinelli
test,rksp.0,23107,23619,marinelli,23390,23393,ich,marinelli
test,rksp.0,23624,23761,der_prinz,23671,23674,mir,der_prinz
test,rksp.0,23624,23761,der_prinz,23705,23708,Ich,der_prinz
test,rksp.0,23624,23761,der_prinz,23715,23719,mich,der_prinz
test,rksp.0,23814,24917,der_prinz,23979,23982,ich,der_prinz
test,rksp.0,23814,24917,der_prinz,24026,24029,ich,der_prinz
test,rksp.0,23814,24917,der_prinz,24030,24033,mir,der_prinz
test,rksp.0,23814,24917,der_prinz,24129,24132,ich,der_prinz
test,rksp.0,23814,24917,der_prinz,24160,24163,ich,der_prinz
test,rksp.0,23814,24917,der_prinz,24354,24357,ich,der_prinz
test,rksp.0,23814,24917,der_prinz,24358,24362,mich,der_prinz
test,rksp.0,23814,24917,der_prinz,24403,24406,mir,der_prinz
test,rksp.0,23814,24917,der_prinz,24567,24570,ich,der_prinz
test,rksp.0,24959,25290,der_prinz,25041,25045,mich,der_prinz
test,rksp.0,24959,25290,der_prinz,25076,25079,Ich,der_prinz
test,rksp.0,25389,25572,der_prinz,25447,25450,ich,der_prinz
test,rksp.0,25616,25896,der_prinz,25697,25700,ich,der_prinz
test,rksp.0,25616,25896,der_prinz,25710,25713,Ich,der_prinz
test,rksp.0,25616,25896,der_prinz,25719,25724,meine,der_prinz
test,rksp.0,25901,25950,camillo_rota,25926,25929,ich,camillo_rota
test,rksp.0,26120,26203,camillo_rota,26199,26202,ich,camillo_rota
test,rksp.0,26208,26286,der_prinz,26220,26223,Ich,der_prinz
test,rksp.0,26208,26286,der_prinz,26272,26275,Ich,der_prinz
test,rksp.0,26291,26455,camillo_rota,26344,26347,ich,camillo_rota
test,rksp.0,26461,26559,der_prinz,26510,26513,ich,der_prinz
test,rksp.0,26565,26914,camillo_rota,26693,26696,Ich,camillo_rota
test,rksp.0,26565,26914,camillo_rota,26790,26796,meines,camillo_rota
test,rksp.0,26565,26914,camillo_rota,26866,26869,mir,camillo_rota
test,rksp.0,27151,27189,claudia_galotti,27161,27165,Mein,claudia_galotti
test,rksp.0,27194,27228,pirro,27211,27214,mir,pirro
test,rksp.0,27233,27299,claudia_galotti,27285,27289,mein,claudia_galotti
test,rksp.0,27385,27458,odoardo,27409,27414,meine,odoardo
test,rksp.0,27556,27910,odoardo,27634,27638,mich,odoardo
test,rksp.0,27556,27910,odoardo,27694,27697,ich,odoardo
test,rksp.0,27556,27910,odoardo,27771,27774,mir,odoardo
test,rksp.0,27556,27910,odoardo,27799,27802,ich,odoardo
test,rksp.0,27915,28105,claudia_galotti,27964,27967,Ich,claudia_galotti
test,rksp.0,28229,28373,claudia_galotti,28257,28261,mein,claudia_galotti
test,rksp.0,28640,28772,pirro,28700,28703,ich,pirro
test,rksp.0,29038,29146,angelo,29064,29067,Ich,angelo
test,rksp.0,29362,29430,pirro,29385,29388,Ich,pirro
test,rksp.0,29362,29430,pirro,29407,29411,mich,pirro
test,rksp.0,29520,29532,pirro,29528,29531,Mir,pirro
test,rksp.0,29742,30043,angelo,29948,29951,mir,angelo
test,rksp.0,29742,30043,angelo,29971,29974,Ich,angelo
test,rksp.0,30048,30088,pirro,30056,30059,Ich,pirro
test,rksp.0,30236,30342,pirro,30308,30312,mich,pirro
test,rksp.0,30347,30742,angelo,30644,30647,ich,angelo
test,rksp.0,31133,31277,angelo,31148,31151,ich,angelo
test,rksp.0,31133,31277,angelo,31168,31171,ich,angelo
test,rksp.0,31496,31562,pirro,31520,31523,mir,pirro
test,rksp.0,31496,31562,pirro,31529,31532,ich,pirro
test,rksp.0,31775,31906,pirro,31783,31786,Ich,pirro
test,rksp.0,31957,32029,pirro,32001,32004,ich,pirro
test,rksp.0,32135,32331,angelo,32149,32152,ich,angelo
test,rksp.0,32135,32331,angelo,32214,32217,ich,angelo
test,rksp.0,32135,32331,angelo,32235,32239,mich,angelo
test,rksp.0,32135,32331,angelo,32311,32314,mir,angelo
test,rksp.0,32442,32543,pirro,32525,32528,Ich,pirro
test,rksp.0,32631,32670,odoardo,32652,32655,mir,odoardo
test,rksp.0,32778,33017,odoardo,32788,32791,Ich,odoardo
test,rksp.0,32778,33017,odoardo,32887,32893,meinen,odoardo
test,rksp.0,32778,33017,odoardo,32925,32929,mich,odoardo
test,rksp.0,33023,33146,claudia_galotti,33049,33052,mir,claudia_galotti
test,rksp.0,33023,33146,claudia_galotti,33059,33062,ich,claudia_galotti
test,rksp.0,33151,33607,odoardo,33299,33305,meinen,odoardo
test,rksp.0,33612,33918,claudia_galotti,33655,33659,mich,claudia_galotti
test,rksp.0,33923,34547,odoardo,33943,33946,ich,odoardo
test,rksp.0,34552,34573,pirro,34569,34572,ich,pirro
test,rksp.0,34578,34893,odoardo,34602,34606,mein,odoardo
test,rksp.0,34578,34893,odoardo,34638,34641,Ich,odoardo
test,rksp.0,34578,34893,odoardo,34663,34667,mich,odoardo
test,rksp.0,34578,34893,odoardo,34887,34891,mich,odoardo
test,rksp.0,34950,34995,odoardo,34971,34974,Ich,odoardo
test,rksp.0,35000,35083,claudia_galotti,35020,35023,ich,claudia_galotti
test,rksp.0,35574,35695,odoardo,35627,35630,mir,odoardo
test,rksp.0,35722,36244,odoardo,35789,35792,ich,odoardo
test,rksp.0,35722,36244,odoardo,35793,35796,mir,odoardo
test,rksp.0,35722,36244,odoardo,35836,35839,ich,odoardo
test,rksp.0,35722,36244,odoardo,35960,35964,mich,odoardo
test,rksp.0,35722,36244,odoardo,35986,35989,mir,odoardo
test,rksp.0,35722,36244,odoardo,36034,36037,ich,odoardo
test,rksp.0,35722,36244,odoardo,36096,36099,ich,odoardo
test,rksp.0,35722,36244,odoardo,36149,36152,ich,odoardo
test,rksp.0,35722,36244,odoardo,36179,36183,mich,odoardo
test,rksp.0,35722,36244,odoardo,36189,36193,mich,odoardo
test,rksp.0,36769,37024,emilia,36832,36835,mir,emilia
test,rksp.0,36769,37024,emilia,36842,36845,mir,emilia
test,rksp.0,36769,37024,emilia,36855,36858,ich,emilia
test,rksp.0,36769,37024,emilia,36886,36889,mir,emilia
test,rksp.0,36769,37024,emilia,36974,36979,meine,emilia
test,rksp.0,37029,37079,claudia_galotti,37052,37057,meine,claudia_galotti
test,rksp.0,37188,37260,emilia,37206,37209,ich,emilia
test,rksp.0,37188,37260,emilia,37240,37243,ich,emilia
test,rksp.0,37265,37313,claudia_galotti,37275,37278,Ich,claudia_galotti
test,rksp.0,37318,37422,emilia,37379,37384,meine,emilia
test,rksp.0,37428,37557,claudia_galotti,37444,37449,meine,claudia_galotti
test,rksp.0,37428,37557,claudia_galotti,37467,37473,meiner,claudia_galotti
test,rksp.0,37562,37688,emilia,37581,37586,meine,emilia
test,rksp.0,37877,37921,claudia_galotti,37895,37900,meine,claudia_galotti
test,rksp.0,37926,38078,emilia,37941,37946,meine,emilia
test,rksp.0,37926,38078,emilia,37968,37972,mich,emilia
test,rksp.0,38083,38193,claudia_galotti,38161,38164,mir,claudia_galotti
test,rksp.0,38198,39586,emilia,38218,38221,ich,emilia
test,rksp.0,38198,39586,emilia,38222,38226,mich,emilia
test,rksp.0,38198,39586,emilia,38256,38259,ich,emilia
test,rksp.0,38198,39586,emilia,38281,38284,ich,emilia
test,rksp.0,38198,39586,emilia,38303,38308,meine,emilia
test,rksp.0,38198,39586,emilia,38334,38337,ich,emilia
test,rksp.0,38198,39586,emilia,38342,38346,mein,emilia
test,rksp.0,38198,39586,emilia,38381,38384,mir,emilia
test,rksp.0,38198,39586,emilia,38426,38429,mir,emilia
test,rksp.0,38198,39586,emilia,38433,38436,Ich,emilia
test,rksp.0,38198,39586,emilia,38489,38492,ich,emilia
test,rksp.0,38198,39586,emilia,38543,38547,mich,emilia
test,rksp.0,38198,39586,emilia,38551,38557,meiner,emilia
test,rksp.0,38198,39586,emilia,38612,38615,ich,emilia
test,rksp.0,38198,39586,emilia,38665,38668,ich,emilia
test,rksp.0,38198,39586,emilia,38683,38689,meinem,emilia
test,rksp.0,38198,39586,emilia,38792,38797,meine,emilia
test,rksp.0,38198,39586,emilia,38834,38840,Meinen,emilia
test,rksp.0,38198,39586,emilia,38869,38873,mich,emilia
test,rksp.0,38198,39586,emilia,38982,38986,mein,emilia
test,rksp.0,38198,39586,emilia,39077,39081,mich,emilia
test,rksp.0,38198,39586,emilia,39096,39099,ich,emilia
test,rksp.0,38198,39586,emilia,39117,39120,ich,emilia
test,rksp.0,38198,39586,emilia,39139,39142,ich,emilia
test,rksp.0,38198,39586,emilia,39162,39165,ich,emilia
test,rksp.0,38198,39586,emilia,39195,39198,ich,emilia
test,rksp.0,38198,39586,emilia,39208,39214,Meinen,emilia
test,rksp.0,38198,39586,emilia,39235,39239,mich,emilia
test,rksp.0,38198,39586,emilia,39312,39315,ich,emilia
test,rksp.0,38198,39586,emilia,39342,39345,ich,emilia
test,rksp.0,38198,39586,emilia,39384,39388,mich,emilia
test,rksp.0,38198,39586,emilia,39438,39441,Ich,emilia
test,rksp.0,38198,39586,emilia,39452,39456,mich,emilia
test,rksp.0,38198,39586,emilia,39469,39472,Ich,emilia
test,rksp.0,38198,39586,emilia,39545,39548,ich,emilia
test,rksp.0,38198,39586,emilia,39549,39553,mich,emilia
test,rksp.0,38198,39586,emilia,39567,39570,ich,emilia
test,rksp.0,39591,39620,claudia_galotti,39606,39611,meine,claudia_galotti
test,rksp.0,39625,39718,emilia,39645,39650,meine,emilia
test,rksp.0,39625,39718,emilia,39671,39674,Ich,emilia
test,rksp.0,39903,39962,emilia,39912,39916,Mein,emilia
test,rksp.0,39903,39962,emilia,39942,39946,mich,emilia
test,rksp.0,40045,40120,emilia,40059,40064,meine,emilia
test,rksp.0,40045,40120,emilia,40091,40094,mir,emilia
test,rksp.0,40125,40630,claudia_galotti,40165,40168,mir,claudia_galotti
test,rksp.0,40125,40630,claudia_galotti,40342,40345,ich,claudia_galotti
test,rksp.0,40125,40630,claudia_galotti,40390,40393,ich,claudia_galotti
test,rksp.0,40125,40630,claudia_galotti,40452,40457,meine,claudia_galotti
test,rksp.0,40125,40630,claudia_galotti,40507,40510,Ich,claudia_galotti
test,rksp.0,40635,40791,emilia,40652,40655,ich,emilia
test,rksp.0,40635,40791,emilia,40663,40668,meine,emilia
test,rksp.0,40635,40791,emilia,40702,40705,ich,emilia
test,rksp.0,40635,40791,emilia,40726,40729,ich,emilia
test,rksp.0,40635,40791,emilia,40780,40783,Ich,emilia
test,rksp.0,40835,41631,emilia,40848,40851,ich,emilia
test,rksp.0,40835,41631,emilia,40869,40872,ich,emilia
test,rksp.0,40835,41631,emilia,40886,40890,mich,emilia
test,rksp.0,40835,41631,emilia,40951,40954,ich,emilia
test,rksp.0,40835,41631,emilia,40969,40973,mich,emilia
test,rksp.0,40835,41631,emilia,41095,41098,ich,emilia
test,rksp.0,40835,41631,emilia,41122,41125,ich,emilia
test,rksp.0,40835,41631,emilia,41130,41134,mich,emilia
test,rksp.0,40835,41631,emilia,41167,41170,ich,emilia
test,rksp.0,40835,41631,emilia,41217,41220,ich,emilia
test,rksp.0,40835,41631,emilia,41246,41249,mir,emilia
test,rksp.0,40835,41631,emilia,41286,41289,ich,emilia
test,rksp.0,40835,41631,emilia,41306,41311,meine,emilia
test,rksp.0,40835,41631,emilia,41330,41333,ich,emilia
test,rksp.0,40835,41631,emilia,41356,41361,Meine,emilia
test,rksp.0,40835,41631,emilia,41375,41379,mich,emilia
test,rksp.0,40835,41631,emilia,41407,41410,ich,emilia
test,rksp.0,40835,41631,emilia,41421,41424,ich,emilia
test,rksp.0,40835,41631,emilia,41466,41469,Ich,emilia
test,rksp.0,40835,41631,emilia,41476,41480,mich,emilia
test,rksp.0,40835,41631,emilia,41529,41532,mir,emilia
test,rksp.0,40835,41631,emilia,41561,41564,mir,emilia
test,rksp.0,40835,41631,emilia,41598,41601,mir,emilia
test,rksp.0,41636,42148,claudia_galotti,41683,41688,meine,claudia_galotti
test,rksp.0,41636,42148,claudia_galotti,41700,41703,Ich,claudia_galotti
test,rksp.0,41636,42148,claudia_galotti,41982,41987,meine,claudia_galotti
test,rksp.0,42153,42234,emilia,42174,42179,meine,emilia
test,rksp.0,42153,42234,emilia,42221,42224,ich,emilia
test,rksp.0,42239,42835,claudia_galotti,42393,42397,mein,claudia_galotti
test,rksp.0,42239,42835,claudia_galotti,42713,42717,mein,claudia_galotti
test,rksp.0,42840,43161,emilia,42861,42866,meine,emilia
test,rksp.0,42840,43161,emilia,42884,42887,ich,emilia
test,rksp.0,42840,43161,emilia,42913,42917,mich,emilia
test,rksp.0,42840,43161,emilia,42998,43002,mich,emilia
test,rksp.0,42840,43161,emilia,43027,43031,mein,emilia
test,rksp.0,42840,43161,emilia,43094,43097,Ich,emilia
test,rksp.0,42840,43161,emilia,43111,43114,ich,emilia
test,rksp.0,43166,43290,claudia_galotti,43236,43241,meine,claudia_galotti
test,rksp.0,43295,43607,emilia,43312,43317,meine,emilia
test,rksp.0,43295,43607,emilia,43326,43329,Ich,emilia
test,rksp.0,43295,43607,emilia,43412,43415,mir,emilia
test,rksp.0,43295,43607,emilia,43477,43480,ich,emilia
test,rksp.0,43295,43607,emilia,43495,43500,meine,emilia
test,rksp.0,43295,43607,emilia,43511,43514,Ich,emilia
test,rksp.0,43295,43607,emilia,43521,43525,mich,emilia
test,rksp.0,43295,43607,emilia,43574,43577,mir,emilia
test,rksp.0,43612,44099,claudia_galotti,43622,43625,Ich,claudia_galotti
test,rksp.0,43612,44099,claudia_galotti,43654,43659,meine,claudia_galotti
test,rksp.0,43612,44099,claudia_galotti,43723,43726,ich,claudia_galotti
test,rksp.0,44104,44370,emilia,44115,44120,meine,emilia
test,rksp.0,44104,44370,emilia,44140,44143,ich,emilia
test,rksp.0,44104,44370,emilia,44144,44147,mir,emilia
test,rksp.0,44104,44370,emilia,44152,44158,meiner,emilia
test,rksp.0,44104,44370,emilia,44240,44244,mein,emilia
test,rksp.0,44104,44370,emilia,44270,44274,mich,emilia
test,rksp.0,44452,44673,appiani,44606,44611,meine,appiani
test,rksp.0,44452,44673,appiani,44624,44627,Ich,appiani
test,rksp.0,44452,44673,appiani,44632,44635,mir,appiani
test,rksp.0,44678,44837,emilia,44687,44690,Ich,emilia
test,rksp.0,44678,44837,emilia,44735,44739,mich,emilia
test,rksp.0,44842,45201,appiani,44874,44878,mein,appiani
test,rksp.0,44842,45201,appiani,44939,44943,mich,appiani
test,rksp.0,44842,45201,appiani,44997,45001,mich,appiani
test,rksp.0,44842,45201,appiani,45016,45020,mich,appiani
test,rksp.0,44842,45201,appiani,45041,45045,mein,appiani
test,rksp.0,44842,45201,appiani,45127,45132,meine,appiani
test,rksp.0,44842,45201,appiani,45158,45161,mir,appiani
test,rksp.0,45206,45350,claudia_galotti,45220,45224,mein,claudia_galotti
test,rksp.0,45206,45350,claudia_galotti,45275,45280,meine,claudia_galotti
test,rksp.0,45355,45862,appiani,45375,45378,ich,appiani
test,rksp.0,45355,45862,appiani,45379,45383,mich,appiani
test,rksp.0,45355,45862,appiani,45440,45446,meinen,appiani
test,rksp.0,45355,45862,appiani,45466,45471,meine,appiani
test,rksp.0,45355,45862,appiani,45562,45567,meine,appiani
test,rksp.0,45355,45862,appiani,45603,45607,mein,appiani
test,rksp.0,45355,45862,appiani,45670,45673,ich,appiani
test,rksp.0,45355,45862,appiani,45690,45693,ich,appiani
test,rksp.0,45355,45862,appiani,45698,45701,mir,appiani
test,rksp.0,45355,45862,appiani,45773,45776,ich,appiani
test,rksp.0,45355,45862,appiani,45777,45781,mich,appiani
test,rksp.0,45355,45862,appiani,45849,45854,meine,appiani
test,rksp.0,45867,45910,emilia,45890,45894,mich,emilia
test,rksp.0,45915,46069,appiani,45925,45928,Ich,appiani
test,rksp.0,46165,46359,appiani,46179,46182,ich,appiani
test,rksp.0,46165,46359,appiani,46256,46261,meine,appiani
test,rksp.0,46165,46359,appiani,46270,46273,Ich,appiani
test,rksp.0,46364,46476,claudia_galotti,46380,46385,meine,claudia_galotti
test,rksp.0,46481,46515,appiani,46496,46501,meine,appiani
test,rksp.0,46613,46766,appiani,46643,46646,ich,appiani
test,rksp.0,46771,47190,emilia,46786,46790,mein,emilia
test,rksp.0,46771,47190,emilia,46894,46897,ich,emilia
test,rksp.0,46771,47190,emilia,47073,47076,Ich,emilia
test,rksp.0,46771,47190,emilia,47167,47170,mir,emilia
test,rksp.0,47195,47235,claudia_galotti,47221,47224,ich,claudia_galotti
test,rksp.0,47240,47395,emilia,47256,47259,ich,emilia
test,rksp.0,47240,47395,emilia,47358,47363,meine,emilia
test,rksp.0,47553,47596,emilia,47572,47577,meine,emilia
test,rksp.0,47726,47846,appiani,47745,47748,ich,appiani
test,rksp.0,47726,47846,appiani,47756,47760,mich,appiani
test,rksp.0,47851,48014,emilia,47910,47913,ich,emilia
test,rksp.0,47851,48014,emilia,47914,47917,mir,emilia
test,rksp.0,47851,48014,emilia,47946,47949,ich,emilia
test,rksp.0,47851,48014,emilia,47959,47962,ich,emilia
test,rksp.0,47851,48014,emilia,47968,47971,ich,emilia
test,rksp.0,48019,48144,appiani,48032,48035,ich,appiani
test,rksp.0,48019,48144,appiani,48050,48053,Ich,appiani
test,rksp.0,48019,48144,appiani,48122,48125,ich,appiani
test,rksp.0,48393,48503,emilia,48477,48480,ich,emilia
test,rksp.0,49061,49567,appiani,49075,49080,meine,appiani
test,rksp.0,49061,49567,appiani,49156,49159,ich,appiani
test,rksp.0,49061,49567,appiani,49336,49339,ich,appiani
test,rksp.0,49061,49567,appiani,49356,49359,ich,appiani
test,rksp.0,49061,49567,appiani,49376,49379,ich,appiani
test,rksp.0,49061,49567,appiani,49397,49400,mir,appiani
test,rksp.0,49061,49567,appiani,49498,49501,ich,appiani
test,rksp.0,49061,49567,appiani,49543,49546,Ich,appiani
test,rksp.0,49572,49618,claudia_galotti,49593,49597,mich,claudia_galotti
test,rksp.0,49623,49731,appiani,49664,49667,Ich,appiani
test,rksp.0,49623,49731,appiani,49698,49703,meine,appiani
test,rksp.0,49623,49731,appiani,49718,49722,mich,appiani
test,rksp.0,49758,50087,appiani,49768,49773,Meine,appiani
test,rksp.0,49758,50087,appiani,49813,49816,ich,appiani
test,rksp.0,49758,50087,appiani,49833,49839,meiner,appiani
test,rksp.0,49758,50087,appiani,49872,49875,ich,appiani
test,rksp.0,49758,50087,appiani,49901,49904,mir,appiani
test,rksp.0,49758,50087,appiani,49909,49912,ich,appiani
test,rksp.0,49758,50087,appiani,49992,49995,ich,appiani
test,rksp.0,49758,50087,appiani,50060,50063,ich,appiani
test,rksp.0,50342,50361,appiani,50357,50360,mir,appiani
test,rksp.0,50431,50695,marinelli,50443,50446,Ich,marinelli
test,rksp.0,50431,50695,marinelli,50484,50488,Mein,marinelli
test,rksp.0,50431,50695,marinelli,50500,50503,ich,marinelli
test,rksp.0,50431,50695,marinelli,50541,50544,ich,marinelli
test,rksp.0,50431,50695,marinelli,50569,50572,Ich,marinelli
test,rksp.0,50431,50695,marinelli,50625,50628,ich,marinelli
test,rksp.0,50700,50778,claudia_galotti,50714,50717,ich,claudia_galotti
test,rksp.0,50852,50877,appiani,50867,50871,mein,appiani
test,rksp.0,50882,50932,marinelli,50894,50897,Ich,marinelli
test,rksp.0,50977,51156,marinelli,50989,50992,Ich,marinelli
test,rksp.0,50977,51156,marinelli,51134,51137,mir,marinelli
test,rksp.0,51161,51214,appiani,51198,51201,ich,appiani
test,rksp.0,51499,51518,appiani,51513,51517,mich,appiani
test,rksp.0,51523,51613,marinelli,51601,51605,mein,marinelli
test,rksp.0,51618,51782,appiani,51649,51653,mich,appiani
test,rksp.0,51618,51782,appiani,51692,51695,Ich,appiani
test,rksp.0,51618,51782,appiani,51749,51753,mich,appiani
test,rksp.0,51787,52027,marinelli,51799,51802,Ich,marinelli
test,rksp.0,51787,52027,marinelli,51988,51993,meine,marinelli
test,rksp.0,52032,52189,appiani,52108,52111,ich,appiani
test,rksp.0,52032,52189,appiani,52160,52163,ich,appiani
test,rksp.0,52032,52189,appiani,52164,52167,mir,appiani
test,rksp.0,52194,52492,marinelli,52206,52209,Ich,marinelli
test,rksp.0,52194,52492,marinelli,52218,52222,mein,marinelli
test,rksp.0,52194,52492,marinelli,52243,52247,mein,marinelli
test,rksp.0,52194,52492,marinelli,52277,52280,ich,marinelli
test,rksp.0,52194,52492,marinelli,52435,52438,ich,marinelli
test,rksp.0,52875,52984,appiani,52910,52913,mir,appiani
test,rksp.0,52875,52984,appiani,52924,52927,ich,appiani
test,rksp.0,52875,52984,appiani,52945,52948,mir,appiani
test,rksp.0,53010,53103,appiani,53020,53023,Ich,appiani
test,rksp.0,53292,53403,appiani,53308,53312,mein,appiani
test,rksp.0,53292,53403,appiani,53331,53334,ich,appiani
test,rksp.0,53292,53403,appiani,53363,53368,meine,appiani
test,rksp.0,53408,53451,marinelli,53428,53431,ich,marinelli
test,rksp.0,53456,53537,appiani,53500,53503,ich,appiani
test,rksp.0,53650,53900,marinelli,53732,53735,Ich,marinelli
test,rksp.0,53650,53900,marinelli,53873,53876,ich,marinelli
test,rksp.0,53905,54270,appiani,54024,54027,Ich,appiani
test,rksp.0,53905,54270,appiani,54106,54109,ich,appiani
test,rksp.0,53905,54270,appiani,54113,54116,Ich,appiani
test,rksp.0,53905,54270,appiani,54157,54160,Ich,appiani
test,rksp.0,53905,54270,appiani,54230,54233,Ich,appiani
test,rksp.0,54327,54564,appiani,54341,54344,ich,appiani
test,rksp.0,54327,54564,appiani,54435,54438,mir,appiani
test,rksp.0,54327,54564,appiani,54492,54495,ich,appiani
test,rksp.0,54327,54564,appiani,54537,54541,mein,appiani
test,rksp.0,54802,54939,marinelli,54814,54817,Ich,marinelli
test,rksp.0,54802,54939,marinelli,54825,54831,meinen,marinelli
test,rksp.0,55230,55256,marinelli,55242,55245,Mir,marinelli
test,rksp.0,55398,55460,marinelli,55438,55441,ich,marinelli
test,rksp.0,55498,55620,marinelli,55554,55557,ich,marinelli
test,rksp.0,55625,55858,appiani,55737,55740,ich,appiani
test,rksp.0,55625,55858,appiani,55741,55745,mich,appiani
test,rksp.0,55625,55858,appiani,55817,55820,ich,appiani
test,rksp.0,56015,56139,appiani,56071,56075,Mein,appiani
test,rksp.0,56015,56139,appiani,56106,56109,Ich,appiani
test,rksp.0,56015,56139,appiani,56116,56120,mich,appiani
test,rksp.0,56144,56280,claudia_galotti,56194,56197,Ich,claudia_galotti
test,rksp.0,56285,56437,appiani,56358,56361,mir,appiani
test,rksp.0,56285,56437,appiani,56399,56403,mich,appiani
test,rksp.0,56468,56615,appiani,56521,56524,Ich,appiani
test,rksp.0,56468,56615,appiani,56531,56536,meine,appiani
test,rksp.0,56620,56666,claudia_galotti,56635,56638,ich,claudia_galotti
test,rksp.0,57050,57271,der_prinz,57062,57065,Ich,der_prinz
test,rksp.0,57050,57271,der_prinz,57076,57079,mir,der_prinz
test,rksp.0,57050,57271,der_prinz,57251,57254,ich,der_prinz
test,rksp.0,57276,57320,marinelli,57297,57300,ich,marinelli
test,rksp.0,57276,57320,marinelli,57301,57305,mich,marinelli
test,rksp.0,57360,57912,marinelli,57376,57379,ich,marinelli
test,rksp.0,57360,57912,marinelli,57385,57389,mein,marinelli
test,rksp.0,57360,57912,marinelli,57442,57445,ich,marinelli
test,rksp.0,57360,57912,marinelli,57551,57554,ich,marinelli
test,rksp.0,57360,57912,marinelli,57585,57588,Ich,marinelli
test,rksp.0,57360,57912,marinelli,57660,57664,mich,marinelli
test,rksp.0,57360,57912,marinelli,57674,57677,ich,marinelli
test,rksp.0,57360,57912,marinelli,57741,57744,Ich,marinelli
test,rksp.0,57360,57912,marinelli,57768,57772,mich,marinelli
test,rksp.0,57360,57912,marinelli,57779,57782,ich,marinelli
test,rksp.0,57360,57912,marinelli,57788,57791,Ich,marinelli
test,rksp.0,57360,57912,marinelli,57833,57837,mich,marinelli
test,rksp.0,58245,58502,marinelli,58410,58413,mir,marinelli
test,rksp.0,58245,58502,marinelli,58454,58458,mich,marinelli
test,rksp.0,58507,58717,der_prinz,58557,58561,mich,der_prinz
test,rksp.0,58507,58717,der_prinz,58663,58667,mich,der_prinz
test,rksp.0,58507,58717,der_prinz,58700,58703,mir,der_prinz
test,rksp.0,58722,58802,marinelli,58774,58777,ich,marinelli
test,rksp.0,59056,59422,der_prinz,59106,59109,ich,der_prinz
test,rksp.0,59056,59422,der_prinz,59208,59212,mein,der_prinz
test,rksp.0,59056,59422,der_prinz,59251,59257,meinem,der_prinz
test,rksp.0,59056,59422,der_prinz,59302,59305,Ich,der_prinz
test,rksp.0,59427,59757,marinelli,59527,59530,ich,marinelli
test,rksp.0,59427,59757,marinelli,59592,59595,ich,marinelli
test,rksp.0,59427,59757,marinelli,59704,59707,ich,marinelli
test,rksp.0,59762,60048,der_prinz,59829,59832,ich,der_prinz
test,rksp.0,59762,60048,der_prinz,59863,59869,meiner,der_prinz
test,rksp.0,59762,60048,der_prinz,60034,60037,mir,der_prinz
test,rksp.0,60392,60489,der_prinz,60415,60420,meine,der_prinz
test,rksp.0,60392,60489,der_prinz,60430,60433,ich,der_prinz
test,rksp.0,60494,60677,marinelli,60586,60589,ich,marinelli
test,rksp.0,60722,60800,marinelli,60766,60769,ich,marinelli
test,rksp.0,60852,60902,marinelli,60876,60879,ich,marinelli
test,rksp.0,60939,61048,marinelli,60994,60998,mich,marinelli
test,rksp.0,60939,61048,marinelli,61018,61021,Ich,marinelli
test,rksp.0,61103,61716,marinelli,61195,61198,ich,marinelli
test,rksp.0,61103,61716,marinelli,61199,61203,mich,marinelli
test,rksp.0,61103,61716,marinelli,61389,61395,meinen,marinelli
test,rksp.0,61103,61716,marinelli,61558,61562,mein,marinelli
test,rksp.0,61721,61868,der_prinz,61749,61753,mich,der_prinz
test,rksp.0,61721,61868,der_prinz,61811,61815,mich,der_prinz
test,rksp.0,61873,62053,marinelli,61988,61991,mir,marinelli
test,rksp.0,62090,62167,marinelli,62128,62131,ich,marinelli
test,rksp.0,62173,62235,der_prinz,62201,62204,ich,der_prinz
test,rksp.0,62456,63127,marinelli,62630,62633,mir,marinelli
test,rksp.0,62456,63127,marinelli,62882,62885,mir,marinelli
test,rksp.0,63275,63308,angelo,63284,63287,Ich,angelo
test,rksp.0,63461,63532,marinelli,63488,63491,mir,marinelli
test,rksp.0,63461,63532,marinelli,63500,63503,mir,marinelli
test,rksp.0,63537,63581,angelo,63553,63556,mir,angelo
test,rksp.0,63670,63740,angelo,63688,63692,mein,angelo
test,rksp.0,63792,64123,angelo,63801,63804,Ich,angelo
test,rksp.0,63792,64123,angelo,63848,63851,mir,angelo
test,rksp.0,63792,64123,angelo,63945,63948,ich,angelo
test,rksp.0,63792,64123,angelo,63969,63972,ich,angelo
test,rksp.0,63792,64123,angelo,64031,64035,mein,angelo
test,rksp.0,63792,64123,angelo,64037,64040,ich,angelo
test,rksp.0,64191,64407,angelo,64250,64253,ich,angelo
test,rksp.0,64191,64407,angelo,64354,64357,ich,angelo
test,rksp.0,64460,64634,angelo,64469,64472,Ich,angelo
test,rksp.0,64460,64634,angelo,64569,64573,mein,angelo
test,rksp.0,64663,64877,angelo,64732,64735,ich,angelo
test,rksp.0,64663,64877,angelo,64799,64803,mich,angelo
test,rksp.0,64663,64877,angelo,64846,64849,ich,angelo
test,rksp.0,64883,65328,marinelli,65307,65310,ich,marinelli
test,rksp.0,65694,65848,der_prinz,65821,65824,ich,der_prinz
test,rksp.0,65853,66022,marinelli,65884,65887,ich,marinelli
test,rksp.0,66223,66331,der_prinz,66244,66247,ich,der_prinz
test,rksp.0,66223,66331,der_prinz,66265,66268,ich,der_prinz
test,rksp.0,66437,67102,der_prinz,66510,66513,Ich,der_prinz
test,rksp.0,66437,67102,der_prinz,66634,66637,ich,der_prinz
test,rksp.0,66437,67102,der_prinz,66797,66801,mich,der_prinz
test,rksp.0,66437,67102,der_prinz,66806,66809,ich,der_prinz
test,rksp.0,66437,67102,der_prinz,66878,66881,ich,der_prinz
test,rksp.0,66437,67102,der_prinz,66882,66885,mir,der_prinz
test,rksp.0,66437,67102,der_prinz,66947,66950,ich,der_prinz
test,rksp.0,66437,67102,der_prinz,67007,67010,Ich,der_prinz
test,rksp.0,66437,67102,der_prinz,67073,67076,ich,der_prinz
test,rksp.0,66437,67102,der_prinz,67077,67081,mich,der_prinz
test,rksp.0,67223,67459,marinelli,67347,67350,ich,marinelli
test,rksp.0,67517,67738,emilia,67551,67554,Ich,emilia
test,rksp.0,67517,67738,emilia,67566,67570,mein,emilia
test,rksp.0,67517,67738,emilia,67581,67584,ich,emilia
test,rksp.0,67517,67738,emilia,67622,67625,ich,emilia
test,rksp.0,67517,67738,emilia,67659,67664,meine,emilia
test,rksp.0,67517,67738,emilia,67716,67719,mir,emilia
test,rksp.0,67743,67766,battista,67754,67757,Ich,battista
test,rksp.0,67916,67991,emilia,67966,67971,meine,emilia
test,rksp.0,67996,68043,battista,68007,68010,Ich,battista
test,rksp.0,68048,68124,emilia,68068,68072,mich,emilia
test,rksp.0,68048,68124,emilia,68076,68079,Ich,emilia
test,rksp.0,68048,68124,emilia,68090,68093,ich,emilia
test,rksp.0,68048,68124,emilia,68112,68116,mein,emilia
test,rksp.0,68339,68862,emilia,68374,68378,mein,emilia
test,rksp.0,68339,68862,emilia,68387,68390,Ich,emilia
test,rksp.0,68339,68862,emilia,68563,68567,mich,emilia
test,rksp.0,68339,68862,emilia,68595,68599,mich,emilia
test,rksp.0,68339,68862,emilia,68616,68619,ich,emilia
test,rksp.0,68339,68862,emilia,68632,68636,mich,emilia
test,rksp.0,68339,68862,emilia,68663,68668,Meine,emilia
test,rksp.0,68339,68862,emilia,68764,68767,ich,emilia
test,rksp.0,68339,68862,emilia,68791,68794,Ich,emilia
test,rksp.0,68339,68862,emilia,68805,68808,ich,emilia
test,rksp.0,68339,68862,emilia,68830,68833,ich,emilia
test,rksp.0,69270,69473,emilia,69396,69400,mich,emilia
test,rksp.0,69270,69473,emilia,69409,69412,ich,emilia
test,rksp.0,69270,69473,emilia,69440,69443,ich,emilia
test,rksp.0,69478,69764,marinelli,69659,69662,Ich,marinelli
test,rksp.0,70171,70214,emilia,70200,70203,ich,emilia
test,rksp.0,70277,70404,emilia,70390,70396,meiner,emilia
test,rksp.0,70671,70734,emilia,70721,70726,meine,emilia
test,rksp.0,70790,70976,emilia,70831,70834,ich,emilia
test,rksp.0,70790,70976,emilia,70923,70926,mir,emilia
test,rksp.0,70790,70976,emilia,70944,70947,ich,emilia
test,rksp.0,70790,70976,emilia,70971,70974,mir,emilia
test,rksp.0,70981,71076,der_prinz,71034,71037,mir,der_prinz
test,rksp.0,70981,71076,der_prinz,71064,71067,mir,der_prinz
test,rksp.0,71081,71262,emilia,71151,71156,meine,emilia
test,rksp.0,71081,71262,emilia,71166,71170,mich,emilia
test,rksp.0,71267,71373,der_prinz,71298,71302,mein,der_prinz
test,rksp.0,71378,71423,emilia,71396,71399,ich,emilia
test,rksp.0,71429,71507,der_prinz,71446,71450,mein,der_prinz
test,rksp.0,71429,71507,der_prinz,71494,71498,mich,der_prinz
test,rksp.0,71583,72918,der_prinz,71611,71614,Ich,der_prinz
test,rksp.0,71583,72918,der_prinz,71651,71654,ich,der_prinz
test,rksp.0,71583,72918,der_prinz,71690,71694,Mein,der_prinz
test,rksp.0,71583,72918,der_prinz,71791,71797,meiner,der_prinz
test,rksp.0,71583,72918,der_prinz,71811,71814,Ich,der_prinz
test,rksp.0,71583,72918,der_prinz,71877,71880,ich,der_prinz
test,rksp.0,71583,72918,der_prinz,71924,71927,ich,der_prinz
test,rksp.0,71583,72918,der_prinz,72048,72051,ich,der_prinz
test,rksp.0,71583,72918,der_prinz,72077,72080,mir,der_prinz
test,rksp.0,71583,72918,der_prinz,72100,72105,meine,der_prinz
test,rksp.0,71583,72918,der_prinz,72140,72143,mir,der_prinz
test,rksp.0,71583,72918,der_prinz,72211,72214,ich,der_prinz
test,rksp.0,71583,72918,der_prinz,72315,72321,meiner,der_prinz
test,rksp.0,71583,72918,der_prinz,72402,72405,ich,der_prinz
test,rksp.0,71583,72918,der_prinz,72430,72434,mein,der_prinz
test,rksp.0,71583,72918,der_prinz,72550,72554,mich,der_prinz
test,rksp.0,71583,72918,der_prinz,72657,72661,mich,der_prinz
test,rksp.0,71583,72918,der_prinz,72730,72734,mich,der_prinz
test,rksp.0,71583,72918,der_prinz,72767,72771,mein,der_prinz
test,rksp.0,72923,73391,marinelli,73003,73006,ich,marinelli
test,rksp.0,72923,73391,marinelli,73104,73107,ich,marinelli
test,rksp.0,72923,73391,marinelli,73201,73204,ich,marinelli
test,rksp.0,72923,73391,marinelli,73268,73272,mich,marinelli
test,rksp.0,73568,74089,battista,73651,73654,Ich,battista
test,rksp.0,73568,74089,battista,73686,73689,mir,battista
test,rksp.0,73568,74089,battista,73710,73714,mich,battista
test,rksp.0,73568,74089,battista,73739,73742,ich,battista
test,rksp.0,73568,74089,battista,74057,74060,ich,battista
test,rksp.0,74094,74735,marinelli,74579,74582,ich,marinelli
test,rksp.0,74777,74845,claudia_galotti,74823,74827,Mein,claudia_galotti
test,rksp.0,75024,75196,claudia_galotti,75144,75147,Ich,claudia_galotti
test,rksp.0,75201,75230,battista,75220,75224,mein,battista
test,rksp.0,75235,75397,claudia_galotti,75311,75314,mir,claudia_galotti
test,rksp.0,75235,75397,claudia_galotti,75353,75357,mich,claudia_galotti
test,rksp.0,75402,75603,battista,75499,75503,mein,battista
test,rksp.0,75682,75853,claudia_galotti,75779,75783,mein,claudia_galotti
test,rksp.0,75682,75853,claudia_galotti,75799,75804,meine,claudia_galotti
test,rksp.0,75682,75853,claudia_galotti,75834,75838,mich,claudia_galotti
test,rksp.0,75910,76094,claudia_galotti,75945,75948,mir,claudia_galotti
test,rksp.0,75910,76094,claudia_galotti,76017,76023,meinem,claudia_galotti
test,rksp.0,75910,76094,claudia_galotti,76049,76052,ich,claudia_galotti
test,rksp.0,76099,76209,marinelli,76125,76128,ich,marinelli
test,rksp.0,76290,76610,claudia_galotti,76440,76443,ich,claudia_galotti
test,rksp.0,76290,76610,claudia_galotti,76537,76540,ich,claudia_galotti
test,rksp.0,76615,76820,marinelli,76697,76700,mir,marinelli
test,rksp.0,76615,76820,marinelli,76810,76813,ich,marinelli
test,rksp.0,76825,77115,claudia_galotti,76941,76944,Ich,claudia_galotti
test,rksp.0,76825,77115,claudia_galotti,77029,77032,Ich,claudia_galotti
test,rksp.0,76825,77115,claudia_galotti,77057,77062,meine,claudia_galotti
test,rksp.0,77120,77261,marinelli,77153,77156,Ich,marinelli
test,rksp.0,77120,77261,marinelli,77232,77236,mich,marinelli
test,rksp.0,77266,77557,claudia_galotti,77292,77295,Ich,claudia_galotti
test,rksp.0,77266,77557,claudia_galotti,77323,77326,ich,claudia_galotti
test,rksp.0,77725,77937,claudia_galotti,77746,77749,ich,claudia_galotti
test,rksp.0,77725,77937,claudia_galotti,77804,77807,mir,claudia_galotti
test,rksp.0,77725,77937,claudia_galotti,77809,77812,Ich,claudia_galotti
test,rksp.0,77725,77937,claudia_galotti,77830,77835,meine,claudia_galotti
test,rksp.0,77725,77937,claudia_galotti,77889,77894,meine,claudia_galotti
test,rksp.0,77942,78211,marinelli,77954,77957,Ich,marinelli
test,rksp.0,78380,78524,claudia_galotti,78402,78405,Ich,claudia_galotti
test,rksp.0,78380,78524,claudia_galotti,78508,78512,mich,claudia_galotti
test,rksp.0,78607,79213,claudia_galotti,79095,79098,ich,claudia_galotti
test,rksp.0,78607,79213,claudia_galotti,79114,79119,meine,claudia_galotti
test,rksp.0,78607,79213,claudia_galotti,79133,79139,meinen,claudia_galotti
test,rksp.0,79342,79471,claudia_galotti,79355,79358,ich,claudia_galotti
test,rksp.0,79342,79471,claudia_galotti,79377,79380,ich,claudia_galotti
test,rksp.0,79476,79537,emilia,79501,79506,meine,emilia
test,rksp.0,79476,79537,emilia,79515,79518,Ich,emilia
test,rksp.0,79476,79537,emilia,79524,79529,meine,emilia
test,rksp.0,79542,79747,claudia_galotti,79586,79590,mich,claudia_galotti
test,rksp.0,79542,79747,claudia_galotti,79607,79611,mich,claudia_galotti
test,rksp.0,79542,79747,claudia_galotti,79624,79627,ich,claudia_galotti
test,rksp.0,79542,79747,claudia_galotti,79665,79669,mein,claudia_galotti
test,rksp.0,79542,79747,claudia_galotti,79676,79679,Ich,claudia_galotti
test,rksp.0,79542,79747,claudia_galotti,79687,79690,ich,claudia_galotti
test,rksp.0,79838,79967,der_prinz,79914,79917,Ich,der_prinz
test,rksp.0,79838,79967,der_prinz,79922,79926,mich,der_prinz
test,rksp.0,80052,80379,marinelli,80280,80283,ich,marinelli
test,rksp.0,80384,80695,der_prinz,80536,80539,mir,der_prinz
test,rksp.0,80384,80695,der_prinz,80573,80577,mich,der_prinz
test,rksp.0,80384,80695,der_prinz,80635,80638,ich,der_prinz
test,rksp.0,80989,81216,der_prinz,81038,81041,ich,der_prinz
test,rksp.0,80989,81216,der_prinz,81085,81088,mir,der_prinz
test,rksp.0,80989,81216,der_prinz,81178,81181,mir,der_prinz
test,rksp.0,81222,81567,marinelli,81239,81242,ich,marinelli
test,rksp.0,81222,81567,marinelli,81291,81297,meinem,marinelli
test,rksp.0,81222,81567,marinelli,81318,81321,Ich,marinelli
test,rksp.0,81764,81808,marinelli,81776,81779,Ich,marinelli
test,rksp.0,81813,81978,der_prinz,81891,81897,meinem,der_prinz
test,rksp.0,81813,81978,der_prinz,81927,81931,Mein,der_prinz
test,rksp.0,81983,82219,marinelli,82009,82012,Ich,marinelli
test,rksp.0,81983,82219,marinelli,82189,82192,mir,marinelli
test,rksp.0,82300,82819,marinelli,82359,82362,mir,marinelli
test,rksp.0,82300,82819,marinelli,82406,82410,mich,marinelli
test,rksp.0,82300,82819,marinelli,82469,82472,mir,marinelli
test,rksp.0,82300,82819,marinelli,82507,82510,Ich,marinelli
test,rksp.0,82300,82819,marinelli,82541,82544,mir,marinelli
test,rksp.0,82300,82819,marinelli,82611,82616,meine,marinelli
test,rksp.0,82300,82819,marinelli,82650,82653,ich,marinelli
test,rksp.0,82300,82819,marinelli,82721,82725,mich,marinelli
test,rksp.0,82300,82819,marinelli,82801,82804,mir,marinelli
test,rksp.0,82872,83088,marinelli,82956,82959,ich,marinelli
test,rksp.0,82872,83088,marinelli,82999,83005,meines,marinelli
test,rksp.0,82872,83088,marinelli,83073,83076,ich,marinelli
test,rksp.0,83093,83323,der_prinz,83105,83108,Ich,der_prinz
test,rksp.0,83093,83323,der_prinz,83198,83201,ich,der_prinz
test,rksp.0,83093,83323,der_prinz,83203,83206,ich,der_prinz
test,rksp.0,83363,83530,der_prinz,83503,83507,mich,der_prinz
test,rksp.0,83587,83681,der_prinz,83599,83603,Mich,der_prinz
test,rksp.0,83587,83681,der_prinz,83605,83609,mich,der_prinz
test,rksp.0,83587,83681,der_prinz,83625,83628,ich,der_prinz
test,rksp.0,83781,84686,der_prinz,83865,83869,mich,der_prinz
test,rksp.0,83781,84686,der_prinz,83976,83980,mich,der_prinz
test,rksp.0,83781,84686,der_prinz,84015,84018,mir,der_prinz
test,rksp.0,83781,84686,der_prinz,84061,84067,meiner,der_prinz
test,rksp.0,83781,84686,der_prinz,84208,84211,ich,der_prinz
test,rksp.0,83781,84686,der_prinz,84241,84244,ich,der_prinz
test,rksp.0,84730,84771,der_prinz,84757,84760,Ich,der_prinz
test,rksp.0,84776,84846,marinelli,84806,84811,meine,marinelli
test,rksp.0,84851,84877,der_prinz,84873,84876,ich,der_prinz
test,rksp.0,84882,85103,marinelli,84916,84922,meinen,marinelli
test,rksp.0,84882,85103,marinelli,85054,85060,meinen,marinelli
test,rksp.0,85108,85124,der_prinz,85120,85123,Ich,der_prinz
test,rksp.0,85129,85369,marinelli,85152,85155,mir,marinelli
test,rksp.0,85492,85525,der_prinz,85517,85520,ich,der_prinz
test,rksp.0,85530,85789,marinelli,85571,85574,ich,marinelli
test,rksp.0,85530,85789,marinelli,85697,85700,ich,marinelli
test,rksp.0,85530,85789,marinelli,85761,85767,meines,marinelli
test,rksp.0,85962,86150,marinelli,86027,86030,ich,marinelli
test,rksp.0,85962,86150,marinelli,86063,86069,meiner,marinelli
test,rksp.0,86192,86279,marinelli,86214,86217,ich,marinelli
test,rksp.0,86546,86609,marinelli,86558,86561,Ich,marinelli
test,rksp.0,86614,87151,der_prinz,86674,86677,Ich,der_prinz
test,rksp.0,86614,87151,der_prinz,86694,86697,Ich,der_prinz
test,rksp.0,86614,87151,der_prinz,87046,87050,mein,der_prinz
test,rksp.0,86614,87151,der_prinz,87122,87125,ich,der_prinz
test,rksp.0,87156,87379,marinelli,87172,87176,mein,marinelli
test,rksp.0,87156,87379,marinelli,87217,87220,ich,marinelli
test,rksp.0,87156,87379,marinelli,87286,87289,mir,marinelli
test,rksp.0,87384,87441,der_prinz,87425,87429,mich,der_prinz
test,rksp.0,87446,87507,marinelli,87483,87486,Ich,marinelli
test,rksp.0,87642,88012,marinelli,87782,87785,ich,marinelli
test,rksp.0,87642,88012,marinelli,87937,87940,Ich,marinelli
test,rksp.0,87642,88012,marinelli,87950,87953,ich,marinelli
test,rksp.0,88094,88620,orsina,88174,88177,mir,orsina
test,rksp.0,88094,88620,orsina,88217,88220,mir,orsina
test,rksp.0,88094,88620,orsina,88265,88268,Ich,orsina
test,rksp.0,88094,88620,orsina,88307,88310,mir,orsina
test,rksp.0,88094,88620,orsina,88379,88383,mich,orsina
test,rksp.0,88094,88620,orsina,88542,88545,ich,orsina
test,rksp.0,88094,88620,orsina,88579,88582,ich,orsina
test,rksp.0,88625,88669,marinelli,88648,88653,meine,marinelli
test,rksp.0,88820,88887,orsina,88846,88852,meinen,orsina
test,rksp.0,88892,88985,marinelli,88926,88929,ich,marinelli
test,rksp.0,88892,88985,marinelli,88939,88943,mich,marinelli
test,rksp.0,88990,89296,orsina,89009,89012,ich,orsina
test,rksp.0,88990,89296,orsina,89139,89142,mir,orsina
test,rksp.0,88990,89296,orsina,89174,89177,ich,orsina
test,rksp.0,88990,89296,orsina,89245,89248,Ich,orsina
test,rksp.0,88990,89296,orsina,89286,89289,ich,orsina
test,rksp.0,89341,89582,orsina,89428,89434,meiner,orsina
test,rksp.0,89693,89893,orsina,89793,89796,ich,orsina
test,rksp.0,89693,89893,orsina,89835,89838,Ich,orsina
test,rksp.0,89898,89939,marinelli,89910,89915,Meine,marinelli
test,rksp.0,89944,90263,orsina,90023,90026,mir,orsina
test,rksp.0,89944,90263,orsina,90043,90046,mir,orsina
test,rksp.0,89944,90263,orsina,90054,90057,ich,orsina
test,rksp.0,89944,90263,orsina,90191,90194,mir,orsina
test,rksp.0,89944,90263,orsina,90224,90227,Ich,orsina
test,rksp.0,90314,90507,orsina,90326,90329,ich,orsina
test,rksp.0,90314,90507,orsina,90495,90499,mich,orsina
test,rksp.0,90658,90723,orsina,90705,90711,meinen,orsina
test,rksp.0,91000,91062,marinelli,91034,91037,ich,marinelli
test,rksp.0,91067,91530,orsina,91223,91227,Mich,orsina
test,rksp.0,91067,91530,orsina,91248,91252,mich,orsina
test,rksp.0,91067,91530,orsina,91312,91316,mich,orsina
test,rksp.0,92196,92261,marinelli,92247,92250,ich,marinelli
test,rksp.0,92414,93421,orsina,92445,92448,ich,orsina
test,rksp.0,92414,93421,orsina,92471,92474,ich,orsina
test,rksp.0,92414,93421,orsina,92475,92478,mir,orsina
test,rksp.0,92414,93421,orsina,92506,92509,ich,orsina
test,rksp.0,92414,93421,orsina,92535,92538,ich,orsina
test,rksp.0,92414,93421,orsina,92539,92542,mir,orsina
test,rksp.0,92414,93421,orsina,92575,92578,ich,orsina
test,rksp.0,92414,93421,orsina,92579,92582,mir,orsina
test,rksp.0,92414,93421,orsina,92643,92647,mich,orsina
test,rksp.0,92414,93421,orsina,92956,92959,ich,orsina
test,rksp.0,92414,93421,orsina,93021,93024,ich,orsina
test,rksp.0,92414,93421,orsina,93089,93095,meinen,orsina
test,rksp.0,93474,94313,orsina,93626,93630,mich,orsina
test,rksp.0,93474,94313,orsina,93803,93807,mich,orsina
test,rksp.0,93474,94313,orsina,93830,93834,mich,orsina
test,rksp.0,93474,94313,orsina,93885,93888,mir,orsina
test,rksp.0,93474,94313,orsina,94084,94087,mir,orsina
test,rksp.0,93474,94313,orsina,94093,94096,ich,orsina
test,rksp.0,93474,94313,orsina,94254,94257,mir,orsina
test,rksp.0,93474,94313,orsina,94277,94281,mich,orsina
test,rksp.0,94384,94689,orsina,94447,94451,mein,orsina
test,rksp.0,94384,94689,orsina,94458,94462,mein,orsina
test,rksp.0,94384,94689,orsina,94548,94551,ich,orsina
test,rksp.0,94384,94689,orsina,94593,94596,ich,orsina
test,rksp.0,94772,94858,der_prinz,94829,94832,Ich,der_prinz
test,rksp.0,94967,95409,der_prinz,95128,95131,ich,der_prinz
test,rksp.0,94967,95409,der_prinz,95145,95148,ich,der_prinz
test,rksp.0,94967,95409,der_prinz,95149,95152,mir,der_prinz
test,rksp.0,94967,95409,der_prinz,95217,95220,Ich,der_prinz
test,rksp.0,94967,95409,der_prinz,95239,95242,Ich,der_prinz
test,rksp.0,94967,95409,der_prinz,95277,95282,meine,der_prinz
test,rksp.0,94967,95409,der_prinz,95391,95394,ich,der_prinz
test,rksp.0,95480,95582,marinelli,95557,95560,mir,marinelli
test,rksp.0,95587,95638,orsina,95615,95618,ich,orsina
test,rksp.0,95587,95638,orsina,95625,95628,ich,orsina
test,rksp.0,95669,96258,orsina,95693,95696,Ich,orsina
test,rksp.0,95669,96258,orsina,95715,95718,Ich,orsina
test,rksp.0,95669,96258,orsina,95775,95778,ich,orsina
test,rksp.0,95669,96258,orsina,95859,95863,mich,orsina
test,rksp.0,95669,96258,orsina,95925,95929,mich,orsina
test,rksp.0,95669,96258,orsina,96069,96072,mir,orsina
test,rksp.0,95669,96258,orsina,96187,96190,mir,orsina
test,rksp.0,95669,96258,orsina,96202,96205,mir,orsina
test,rksp.0,95669,96258,orsina,96249,96252,ich,orsina
test,rksp.0,96263,96359,marinelli,96313,96316,ich,marinelli
test,rksp.0,96365,96628,orsina,96405,96408,ich,orsina
test,rksp.0,96365,96628,orsina,96461,96466,meine,orsina
test,rksp.0,96365,96628,orsina,96512,96515,mir,orsina
test,rksp.0,96365,96628,orsina,96556,96559,mir,orsina
test,rksp.0,96365,96628,orsina,96619,96622,ich,orsina
test,rksp.0,96853,97157,orsina,96890,96893,ich,orsina
test,rksp.0,96853,97157,orsina,97084,97087,mir,orsina
test,rksp.0,96853,97157,orsina,97138,97141,mir,orsina
test,rksp.0,97603,97901,orsina,97612,97615,Ich,orsina
test,rksp.0,97603,97901,orsina,97830,97833,ich,orsina
test,rksp.0,97603,97901,orsina,97845,97848,Ich,orsina
test,rksp.0,97603,97901,orsina,97881,97884,ich,orsina
test,rksp.0,97945,98050,orsina,98010,98013,ich,orsina
test,rksp.0,98325,98390,marinelli,98355,98358,ich,marinelli
test,rksp.0,98604,98670,orsina,98627,98630,ich,orsina
test,rksp.0,98713,98809,orsina,98748,98751,ich,orsina
test,rksp.0,98838,98905,orsina,98873,98877,mich,orsina
test,rksp.0,98931,98972,orsina,98962,98965,ich,orsina
test,rksp.0,98977,99006,marinelli,98998,99001,ich,marinelli
test,rksp.0,99294,99335,marinelli,99322,99326,mich,marinelli
test,rksp.0,99446,99867,orsina,99471,99474,ich,orsina
test,rksp.0,99933,100289,orsina,99992,99995,Ich,orsina
test,rksp.0,99933,100289,orsina,100022,100028,meinem,orsina
test,rksp.0,100385,101064,orsina,100678,100681,ich,orsina
test,rksp.0,100385,101064,orsina,100693,100698,meine,orsina
test,rksp.0,100385,101064,orsina,100794,100797,ich,orsina
test,rksp.0,100385,101064,orsina,100810,100813,Ich,orsina
test,rksp.0,100385,101064,orsina,100828,100831,ich,orsina
test,rksp.0,101129,101439,orsina,101143,101146,ich,orsina
test,rksp.0,101129,101439,orsina,101210,101213,ich,orsina
test,rksp.0,101129,101439,orsina,101252,101255,mir,orsina
test,rksp.0,101129,101439,orsina,101275,101278,mir,orsina
test,rksp.0,101585,101736,orsina,101594,101597,Ich,orsina
test,rksp.0,101585,101736,orsina,101634,101637,ich,orsina
test,rksp.0,101819,101942,odoardo,101843,101847,mein,odoardo
test,rksp.0,102028,102342,odoardo,102056,102059,mir,odoardo
test,rksp.0,102028,102342,odoardo,102143,102146,Ich,odoardo
test,rksp.0,102028,102342,odoardo,102252,102257,meine,odoardo
test,rksp.0,102028,102342,odoardo,102319,102323,mein,odoardo
test,rksp.0,102347,102566,marinelli,102533,102536,Ich,marinelli
test,rksp.0,102915,102969,odoardo,102942,102946,mein,odoardo
test,rksp.0,102974,103076,marinelli,103015,103018,ich,marinelli
test,rksp.0,103118,103227,marinelli,103192,103195,ich,marinelli
test,rksp.0,103118,103227,marinelli,103196,103201,meine,marinelli
test,rksp.0,103232,103518,orsina,103255,103258,Ich,orsina
test,rksp.0,103232,103518,orsina,103278,103282,mein,orsina
test,rksp.0,103591,103658,orsina,103625,103628,mir,orsina
test,rksp.0,103591,103658,orsina,103642,103645,Ich,orsina
test,rksp.0,103663,103998,marinelli,103724,103728,Mein,marinelli
test,rksp.0,103663,103998,marinelli,103735,103738,ich,marinelli
test,rksp.0,103663,103998,marinelli,103823,103827,mich,marinelli
test,rksp.0,103663,103998,marinelli,103829,103832,Ich,marinelli
test,rksp.0,104003,104052,odoardo,104042,104046,mein,odoardo
test,rksp.0,104501,104605,odoardo,104515,104519,mich,odoardo
test,rksp.0,104501,104605,odoardo,104535,104538,ich,odoardo
test,rksp.0,104664,104871,orsina,104705,104708,ich,orsina
test,rksp.0,104664,104871,orsina,104730,104734,mein,orsina
test,rksp.0,104664,104871,orsina,104818,104821,Ich,orsina
test,rksp.0,104876,104947,odoardo,104918,104921,ich,odoardo
test,rksp.0,105097,105206,odoardo,105146,105149,ich,odoardo
test,rksp.0,105211,105485,orsina,105267,105270,mir,orsina
test,rksp.0,105211,105485,orsina,105348,105351,Ich,orsina
test,rksp.0,105211,105485,orsina,105397,105400,mir,orsina
test,rksp.0,105490,105520,odoardo,105509,105512,ich,odoardo
test,rksp.0,105526,105763,orsina,105543,105547,mich,orsina
test,rksp.0,105526,105763,orsina,105630,105633,Ich,orsina
test,rksp.0,105526,105763,orsina,105726,105730,mich,orsina
test,rksp.0,105768,106143,odoardo,105798,105801,Ich,odoardo
test,rksp.0,105768,106143,odoardo,105839,105842,mir,odoardo
test,rksp.0,105768,106143,odoardo,105871,105874,mir,odoardo
test,rksp.0,106297,106426,odoardo,106367,106371,mich,odoardo
test,rksp.0,106297,106426,odoardo,106413,106416,mir,odoardo
test,rksp.0,106545,106655,odoardo,106624,106627,ich,odoardo
test,rksp.0,106876,107061,odoardo,106926,106930,mich,odoardo
test,rksp.0,107237,107296,odoardo,107282,107287,meine,odoardo
test,rksp.0,107608,107890,odoardo,107654,107657,Ich,odoardo
test,rksp.0,107608,107890,odoardo,107664,107669,meine,odoardo
test,rksp.0,107935,108226,odoardo,107954,107957,ich,odoardo
test,rksp.0,107935,108226,odoardo,108088,108091,ich,odoardo
test,rksp.0,108231,108546,orsina,108244,108247,ich,orsina
test,rksp.0,108231,108546,orsina,108271,108274,ich,orsina
test,rksp.0,108231,108546,orsina,108288,108291,Ich,orsina
test,rksp.0,108231,108546,orsina,108414,108417,ich,orsina
test,rksp.0,108551,108666,odoardo,108561,108564,Ich,odoardo
test,rksp.0,108551,108666,odoardo,108572,108575,ich,odoardo
test,rksp.0,108551,108666,odoardo,108655,108658,mir,odoardo
test,rksp.0,108671,109956,orsina,108726,108729,Mir,orsina
test,rksp.0,108671,109956,orsina,108914,108917,Ich,orsina
test,rksp.0,108671,109956,orsina,108919,108922,ich,orsina
test,rksp.0,108671,109956,orsina,108953,108956,ich,orsina
test,rksp.0,108671,109956,orsina,109201,109204,ich,orsina
test,rksp.0,108671,109956,orsina,109330,109334,mich,orsina
test,rksp.0,108671,109956,orsina,109336,109339,Ich,orsina
test,rksp.0,110037,110489,claudia_galotti,110265,110268,ich,claudia_galotti
test,rksp.0,110037,110489,claudia_galotti,110284,110287,ich,claudia_galotti
test,rksp.0,110037,110489,claudia_galotti,110337,110340,ich,claudia_galotti
test,rksp.0,110037,110489,claudia_galotti,110407,110410,Ich,claudia_galotti
test,rksp.0,110494,110697,odoardo,110615,110618,mir,odoardo
test,rksp.0,110494,110697,odoardo,110659,110662,ich,odoardo
test,rksp.0,110928,110959,orsina,110947,110950,ich,orsina
test,rksp.0,110964,111056,odoardo,111001,111004,Ich,odoardo
test,rksp.0,111061,111089,orsina,111074,111077,ich,orsina
test,rksp.0,111094,111162,odoardo,111144,111147,ich,odoardo
test,rksp.0,111167,111275,claudia_galotti,111189,111192,mir,claudia_galotti
test,rksp.0,111167,111275,claudia_galotti,111212,111215,ich,claudia_galotti
test,rksp.0,111167,111275,claudia_galotti,111252,111255,ich,claudia_galotti
test,rksp.0,111167,111275,claudia_galotti,111258,111261,ich,claudia_galotti
test,rksp.0,111280,111415,odoardo,111309,111312,ich,odoardo
test,rksp.0,111280,111415,odoardo,111353,111356,ich,odoardo
test,rksp.0,111421,111524,claudia_galotti,111462,111465,ich,claudia_galotti
test,rksp.0,111945,112040,odoardo,111955,111958,Ich,odoardo
test,rksp.0,112072,112145,odoardo,112115,112120,meine,odoardo
test,rksp.0,112187,112456,odoardo,112291,112296,meine,odoardo
test,rksp.0,112187,112456,odoardo,112307,112312,meine,odoardo
test,rksp.0,112187,112456,odoardo,112452,112455,mir,odoardo
test,rksp.0,112461,112526,claudia_galotti,112489,112492,Ich,claudia_galotti
test,rksp.0,112461,112526,claudia_galotti,112500,112504,mich,claudia_galotti
test,rksp.0,112531,112733,odoardo,112689,112692,mir,odoardo
test,rksp.0,113752,114090,der_prinz,113844,113847,Ich,der_prinz
test,rksp.0,113752,114090,der_prinz,114052,114058,meinem,der_prinz
test,rksp.0,114309,114856,marinelli,114538,114541,Ich,marinelli
test,rksp.0,114998,116045,odoardo,115042,115045,ich,odoardo
test,rksp.0,114998,116045,odoardo,115078,115082,mein,odoardo
test,rksp.0,114998,116045,odoardo,115166,115169,Ich,odoardo
test,rksp.0,114998,116045,odoardo,115178,115181,mir,odoardo
test,rksp.0,114998,116045,odoardo,115211,115214,ich,odoardo
test,rksp.0,114998,116045,odoardo,115215,115219,mich,odoardo
test,rksp.0,114998,116045,odoardo,115397,115400,ich,odoardo
test,rksp.0,114998,116045,odoardo,115433,115437,mein,odoardo
test,rksp.0,114998,116045,odoardo,115444,115448,mein,odoardo
test,rksp.0,114998,116045,odoardo,115471,115474,ich,odoardo
test,rksp.0,114998,116045,odoardo,115580,115584,mich,odoardo
test,rksp.0,116126,116180,marinelli,116154,116158,mein,marinelli
test,rksp.0,116185,116218,odoardo,116199,116204,meine,odoardo
test,rksp.0,116266,116321,odoardo,116291,116294,Ich,odoardo
test,rksp.0,116411,116571,odoardo,116515,116518,ich,odoardo
test,rksp.0,116411,116571,odoardo,116519,116523,mich,odoardo
test,rksp.0,116411,116571,odoardo,116537,116543,meiner,odoardo
test,rksp.0,116999,117026,odoardo,117022,117025,mir,odoardo
test,rksp.0,117058,117211,odoardo,117072,117075,mir,odoardo
test,rksp.0,117058,117211,odoardo,117077,117080,Ich,odoardo
test,rksp.0,117058,117211,odoardo,117207,117210,mir,odoardo
test,rksp.0,117476,117541,odoardo,117486,117491,Meine,odoardo
test,rksp.0,117593,117702,odoardo,117630,117633,Ich,odoardo
test,rksp.0,117593,117702,odoardo,117698,117701,mir,odoardo
test,rksp.0,117707,117958,marinelli,117721,117725,mein,marinelli
test,rksp.0,117707,117958,marinelli,117796,117799,ich,marinelli
test,rksp.0,117707,117958,marinelli,117800,117804,mich,marinelli
test,rksp.0,117707,117958,marinelli,117839,117842,ich,marinelli
test,rksp.0,117707,117958,marinelli,117936,117939,Ich,marinelli
test,rksp.0,118008,118919,odoardo,118047,118050,Mir,odoardo
test,rksp.0,118008,118919,odoardo,118084,118087,Mir,odoardo
test,rksp.0,118008,118919,odoardo,118214,118217,ich,odoardo
test,rksp.0,118008,118919,odoardo,118227,118230,ich,odoardo
test,rksp.0,118008,118919,odoardo,118291,118294,ich,odoardo
test,rksp.0,118008,118919,odoardo,118518,118521,ich,odoardo
test,rksp.0,118008,118919,odoardo,118566,118569,ich,odoardo
test,rksp.0,118008,118919,odoardo,118623,118626,ich,odoardo
test,rksp.0,118008,118919,odoardo,118663,118666,ich,odoardo
test,rksp.0,118008,118919,odoardo,118752,118755,ich,odoardo
test,rksp.0,118008,118919,odoardo,118756,118760,mich,odoardo
test,rksp.0,118008,118919,odoardo,118822,118825,mir,odoardo
test,rksp.0,118008,118919,odoardo,118852,118855,mir,odoardo
test,rksp.0,119010,119183,der_prinz,119026,119030,mein,der_prinz
test,rksp.0,119010,119183,der_prinz,119099,119102,ich,der_prinz
test,rksp.0,119010,119183,der_prinz,119111,119114,mir,der_prinz
test,rksp.0,119188,119396,odoardo,119213,119216,ich,odoardo
test,rksp.0,119188,119396,odoardo,119377,119380,ich,odoardo
test,rksp.0,119401,119889,der_prinz,119439,119442,ich,der_prinz
test,rksp.0,119401,119889,der_prinz,119664,119667,Ich,der_prinz
test,rksp.0,119401,119889,der_prinz,119796,119799,mir,der_prinz
test,rksp.0,119401,119889,der_prinz,119857,119860,ich,der_prinz
test,rksp.0,119401,119889,der_prinz,119861,119864,mir,der_prinz
test,rksp.0,119894,120105,odoardo,119946,119949,ich,odoardo
test,rksp.0,119894,120105,odoardo,119950,119956,meinem,odoardo
test,rksp.0,120110,120352,der_prinz,120340,120344,mich,der_prinz
test,rksp.0,120357,120576,odoardo,120428,120431,Ich,odoardo
test,rksp.0,120357,120576,odoardo,120439,120442,ich,odoardo
test,rksp.0,120357,120576,odoardo,120456,120462,meiner,odoardo
test,rksp.0,120936,120979,odoardo,120969,120973,mein,odoardo
test,rksp.0,120984,121029,marinelli,121005,121009,mich,marinelli
test,rksp.0,121270,121426,marinelli,121290,121293,mir,marinelli
test,rksp.0,121270,121426,marinelli,121310,121316,meines,marinelli
test,rksp.0,121470,121608,marinelli,121518,121521,ich,marinelli
test,rksp.0,121763,122051,marinelli,121921,121924,mir,marinelli
test,rksp.0,121763,122051,marinelli,121980,121983,ich,marinelli
test,rksp.0,122056,122112,der_prinz,122084,122089,meine,der_prinz
test,rksp.0,122117,122186,odoardo,122131,122136,meine,odoardo
test,rksp.0,122191,122228,der_prinz,122213,122216,ich,der_prinz
test,rksp.0,122769,122828,odoardo,122801,122807,meiner,odoardo
test,rksp.0,122833,123147,marinelli,122904,122907,ich,marinelli
test,rksp.0,123416,123480,odoardo,123432,123435,ich,odoardo
test,rksp.0,123416,123480,odoardo,123443,123446,Ich,odoardo
test,rksp.0,123416,123480,odoardo,123457,123460,ich,odoardo
test,rksp.0,123540,123936,odoardo,123554,123557,ich,odoardo
test,rksp.0,123540,123936,odoardo,123586,123589,ich,odoardo
test,rksp.0,123540,123936,odoardo,123610,123614,mich,odoardo
test,rksp.0,123540,123936,odoardo,123673,123676,Ich,odoardo
test,rksp.0,123540,123936,odoardo,123779,123782,ich,odoardo
test,rksp.0,123540,123936,odoardo,123918,123922,mich,odoardo
test,rksp.0,123941,124064,marinelli,124053,124056,ich,marinelli
test,rksp.0,124363,124629,marinelli,124484,124487,mir,marinelli
test,rksp.0,124363,124629,marinelli,124513,124516,ich,marinelli
test,rksp.0,124363,124629,marinelli,124517,124521,mich,marinelli
test,rksp.0,125202,125260,odoardo,125223,125227,mich,odoardo
test,rksp.0,125202,125260,odoardo,125246,125249,ich,odoardo
test,rksp.0,125265,125857,der_prinz,125476,125479,ich,der_prinz
test,rksp.0,125265,125857,der_prinz,125520,125526,meines,der_prinz
test,rksp.0,125265,125857,der_prinz,125579,125582,ich,der_prinz
test,rksp.0,125265,125857,der_prinz,125614,125617,ich,der_prinz
test,rksp.0,125265,125857,der_prinz,125682,125685,mir,der_prinz
test,rksp.0,125265,125857,der_prinz,125813,125819,meinen,der_prinz
test,rksp.0,125862,126331,odoardo,125883,125886,ich,odoardo
test,rksp.0,125862,126331,odoardo,125954,125957,ich,odoardo
test,rksp.0,125862,126331,odoardo,126002,126006,mein,odoardo
test,rksp.0,125862,126331,odoardo,126145,126148,ich,odoardo
test,rksp.0,125862,126331,odoardo,126162,126165,Ich,odoardo
test,rksp.0,125862,126331,odoardo,126175,126181,meiner,odoardo
test,rksp.0,125862,126331,odoardo,126189,126192,ich,odoardo
test,rksp.0,126336,126979,der_prinz,126348,126351,Ich,der_prinz
test,rksp.0,126336,126979,der_prinz,126399,126402,ich,der_prinz
test,rksp.0,126336,126979,der_prinz,126436,126439,ich,der_prinz
test,rksp.0,126336,126979,der_prinz,126473,126479,meines,der_prinz
test,rksp.0,126336,126979,der_prinz,126517,126520,ich,der_prinz
test,rksp.0,126336,126979,der_prinz,126607,126611,mein,der_prinz
test,rksp.0,126985,127631,odoardo,127043,127046,ich,odoardo
test,rksp.0,126985,127631,odoardo,127070,127075,meine,odoardo
test,rksp.0,126985,127631,odoardo,127104,127107,Ich,odoardo
test,rksp.0,126985,127631,odoardo,127114,127117,mir,odoardo
test,rksp.0,126985,127631,odoardo,127137,127140,ich,odoardo
test,rksp.0,126985,127631,odoardo,127281,127286,meine,odoardo
test,rksp.0,126985,127631,odoardo,127352,127355,ich,odoardo
test,rksp.0,126985,127631,odoardo,127577,127580,ich,odoardo
test,rksp.0,126985,127631,odoardo,127614,127617,ich,odoardo
test,rksp.0,127673,127829,odoardo,127764,127767,ich,odoardo
test,rksp.0,127673,127829,odoardo,127802,127805,mir,odoardo
test,rksp.0,127834,127962,der_prinz,127878,127882,mein,der_prinz
test,rksp.0,127834,127962,der_prinz,127891,127895,mein,der_prinz
test,rksp.0,127834,127962,der_prinz,127904,127908,mein,der_prinz
test,rksp.0,128014,128838,odoardo,128157,128160,ich,odoardo
test,rksp.0,128014,128838,odoardo,128169,128172,ich,odoardo
test,rksp.0,128014,128838,odoardo,128380,128383,ich,odoardo
test,rksp.0,128014,128838,odoardo,128438,128441,ich,odoardo
test,rksp.0,128014,128838,odoardo,128467,128470,ich,odoardo
test,rksp.0,128014,128838,odoardo,128484,128487,mir,odoardo
test,rksp.0,128014,128838,odoardo,128509,128512,ich,odoardo
test,rksp.0,128014,128838,odoardo,128579,128582,Ich,odoardo
test,rksp.0,128014,128838,odoardo,128729,128734,meine,odoardo
test,rksp.0,128014,128838,odoardo,128814,128819,meine,odoardo
test,rksp.0,128910,129054,emilia,128934,128938,mein,emilia
test,rksp.0,128910,129054,emilia,128967,128972,meine,emilia
test,rksp.0,128910,129054,emilia,129043,129047,mein,emilia
test,rksp.0,129059,129100,odoardo,129086,129091,meine,odoardo
test,rksp.0,129105,129250,emilia,129127,129131,mein,emilia
test,rksp.0,129309,129391,emilia,129380,129384,mein,emilia
test,rksp.0,129396,129638,odoardo,129484,129489,meine,odoardo
test,rksp.0,129643,129873,emilia,129703,129707,mein,emilia
test,rksp.0,129643,129873,emilia,129770,129773,ich,emilia
test,rksp.0,129643,129873,emilia,129804,129810,meiner,emilia
test,rksp.0,129643,129873,emilia,129832,129837,meine,emilia
test,rksp.0,129643,129873,emilia,129862,129866,mein,emilia
test,rksp.0,129934,130086,emilia,130075,130079,mein,emilia
test,rksp.0,130195,130232,emilia,130204,130207,Ich,emilia
test,rksp.0,130237,130288,odoardo,130283,130287,mich,odoardo
test,rksp.0,130293,130581,emilia,130302,130305,Ich,emilia
test,rksp.0,130293,130581,emilia,130345,130349,mein,emilia
test,rksp.0,130293,130581,emilia,130379,130383,mein,emilia
test,rksp.0,130293,130581,emilia,130393,130396,Ich,emilia
test,rksp.0,130293,130581,emilia,130440,130444,mich,emilia
test,rksp.0,130293,130581,emilia,130461,130465,mich,emilia
test,rksp.0,130293,130581,emilia,130473,130476,Ich,emilia
test,rksp.0,130293,130581,emilia,130497,130501,mich,emilia
test,rksp.0,130293,130581,emilia,130514,130518,mich,emilia
test,rksp.0,130586,130632,odoardo,130596,130599,Ich,odoardo
test,rksp.0,130586,130632,odoardo,130622,130626,mein,odoardo
test,rksp.0,130637,130781,emilia,130654,130657,ich,emilia
test,rksp.0,130786,131306,odoardo,130840,130845,meine,odoardo
test,rksp.0,130786,131306,odoardo,130857,130860,Ich,odoardo
test,rksp.0,130786,131306,odoardo,131077,131080,ich,odoardo
test,rksp.0,130786,131306,odoardo,131081,131086,meine,odoardo
test,rksp.0,130786,131306,odoardo,131128,131133,meine,odoardo
test,rksp.0,131311,131447,emilia,131326,131330,mich,emilia
test,rksp.0,131311,131447,emilia,131339,131343,mich,emilia
test,rksp.0,131311,131447,emilia,131352,131356,mich,emilia
test,rksp.0,131311,131447,emilia,131370,131374,mich,emilia
test,rksp.0,131311,131447,emilia,131436,131440,mein,emilia
test,rksp.0,131452,131602,odoardo,131462,131465,Ich,odoardo
test,rksp.0,131452,131602,odoardo,131491,131494,ich,odoardo
test,rksp.0,131607,131757,emilia,131645,131649,mein,emilia
test,rksp.0,131607,131757,emilia,131713,131716,Mir,emilia
test,rksp.0,131607,131757,emilia,131718,131722,mein,emilia
test,rksp.0,131607,131757,emilia,131730,131733,mir,emilia
test,rksp.0,132078,132802,emilia,132238,132241,Ich,emilia
test,rksp.0,132078,132802,emilia,132253,132257,mein,emilia
test,rksp.0,132078,132802,emilia,132313,132318,meine,emilia
test,rksp.0,132078,132802,emilia,132338,132341,Ich,emilia
test,rksp.0,132078,132802,emilia,132360,132363,Ich,emilia
test,rksp.0,132078,132802,emilia,132384,132387,Ich,emilia
test,rksp.0,132078,132802,emilia,132477,132483,meiner,emilia
test,rksp.0,132078,132802,emilia,132533,132539,meiner,emilia
test,rksp.0,132078,132802,emilia,132758,132761,mir,emilia
test,rksp.0,132078,132802,emilia,132763,132767,mein,emilia
test,rksp.0,132078,132802,emilia,132785,132788,mir,emilia
test,rksp.0,132862,133000,emilia,132876,132879,ich,emilia
test,rksp.0,132862,133000,emilia,132961,132964,mir,emilia
test,rksp.0,132862,133000,emilia,132970,132974,mein,emilia
test,rksp.0,132862,133000,emilia,132992,132995,mir,emilia
test,rksp.0,133005,133060,odoardo,133020,133023,ich,odoardo
test,rksp.0,133241,133495,emilia,133288,133291,ich,emilia
test,rksp.0,133241,133495,emilia,133458,133462,mein,emilia
test,rksp.0,133241,133495,emilia,133479,133482,ich,emilia
test,rksp.0,133500,133529,odoardo,133513,133518,meine,odoardo
test,rksp.0,133534,133944,emilia,133546,133550,mein,emilia
test,rksp.0,133534,133944,emilia,133563,133566,ich,emilia
test,rksp.0,133949,134085,odoardo,133965,133970,meine,odoardo
test,rksp.0,133949,134085,odoardo,134027,134030,ich,odoardo
test,rksp.0,134091,134204,emilia,134165,134169,mich,emilia
test,rksp.0,134400,134461,der_prinz,134444,134447,ich,der_prinz
test,rksp.0,134466,134486,marinelli,134482,134485,mir,marinelli
test,rksp.0,134545,134640,odoardo,134626,134631,meine,odoardo
test,rksp.0,134645,134703,emilia,134665,134669,mein,emilia
test,rksp.0,134645,134703,emilia,134678,134681,Ich,emilia
test,rksp.0,134645,134703,emilia,134691,134694,ich,emilia
test,rksp.0,134708,134860,odoardo,134728,134733,meine,odoardo
test,rksp.0,134708,134860,odoardo,134808,134813,meine,odoardo
test,rksp.0,134865,134940,emilia,134879,134883,mein,emilia
test,rksp.0,134946,135555,odoardo,135182,135185,ich,odoardo
test,rksp.0,134946,135555,odoardo,135202,135206,mich,odoardo
test,rksp.0,134946,135555,odoardo,135231,135236,meine,odoardo
test,rksp.0,134946,135555,odoardo,135382,135388,meines,odoardo
test,rksp.0,134946,135555,odoardo,135402,135405,Ich,odoardo
test,rksp.0,134946,135555,odoardo,135423,135427,mich,odoardo
test,rksp.0,134946,135555,odoardo,135453,135456,Ich,odoardo
test,rksp.0,134946,135555,odoardo,135519,135522,ich,odoardo
test,rksp.0,135560,136067,der_prinz,135893,135896,ich,der_prinz
